{
  "version": "21.0.0",
  "files": {
    "943e5edd39a032deee4e7cb1ada2dbd37069ea5dae336775a8fcc2ba8ef18bf3": {
      "source": {
        "path": "asset.943e5edd39a032deee4e7cb1ada2dbd37069ea5dae336775a8fcc2ba8ef18bf3",
        "packaging": "zip"
      },
      "destinations": {
        "current_account-current_region": {
          "bucketName": "cdk-hnb659fds-assets-${AWS::AccountId}-${AWS::Region}",
          "objectKey": "943e5edd39a032deee4e7cb1ada2dbd37069ea5dae336775a8fcc2ba8ef18bf3.zip",
          "assumeRoleArn": "arn:${AWS::Partition}:iam::${AWS::AccountId}:role/cdk-hnb659fds-file-publishing-role-${AWS::AccountId}-${AWS::Region}"
        }
      }
    },
    "b1ca4691abca194f6f85dddcddb3f01d08d6352ce8bebdb2dbc6a663c715451f": {
      "source": {
        "path": "asset.b1ca4691abca194f6f85dddcddb3f01d08d6352ce8bebdb2dbc6a663c715451f",
        "packaging": "zip"
      },
      "destinations": {
        "current_account-current_region": {
          "bucketName": "cdk-hnb659fds-assets-${AWS::AccountId}-${AWS::Region}",
          "objectKey": "b1ca4691abca194f6f85dddcddb3f01d08d6352ce8bebdb2dbc6a663c715451f.zip",
          "assumeRoleArn": "arn:${AWS::Partition}:iam::${AWS::AccountId}:role/cdk-hnb659fds-file-publishing-role-${AWS::AccountId}-${AWS::Region}"
        }
      }
    },
    "adb8e03ffcd6b0278df9dc946d5f3b8afc5002f1235c8126580b86c38c5c9957": {
      "source": {
        "path": "CisComplianceStack.template.json",
        "packaging": "file"
      },
      "destinations": {
        "current_account-current_region": {
          "bucketName": "cdk-hnb659fds-assets-${AWS::AccountId}-${AWS::Region}",
          "objectKey": "adb8e03ffcd6b0278df9dc946d5f3b8afc5002f1235c8126580b86c38c5c9957.json",
          "assumeRoleArn": "arn:${AWS::Partition}:iam::${AWS::AccountId}:role/cdk-hnb659fds-file-publishing-role-${AWS::AccountId}-${AWS::Region}"
        }
      }
    }
  },
  "dockerImages": {}
}